{"train/learning_rate":0.0003,"rollout/ep_rew_mean":-895.15405,"train/clip_range":0.2,"train/loss":4.323483,"_runtime":397.1936166,"_step":145,"train/policy_gradient_loss":-0.00020380311,"time/fps":62,"rollout/ep_len_mean":1001,"_timestamp":1.7368656964322827e+09,"train/clip_fraction":0,"train/std":0.9651944,"train/value_loss":37.817215,"train/approx_kl":0.0002224714,"train/entropy_loss":-4.1500716,"train/explained_variance":0.8177298,"_wandb":{"runtime":424},"global_step":24576}