{"_wandb":{"runtime":1068},"train/approx_kl":0.0077490346,"_runtime":1068.6736474,"rollout/ep_len_mean":1001,"_timestamp":1.7368714525847335e+09,"train/clip_range":0.2,"train/learning_rate":0.0003,"train/explained_variance":0.99965197,"time/fps":934,"train/std":1.0153686,"_step":62700,"train/value_loss":0.032238215,"train/loss":0.004794216,"train/entropy_loss":-4.2752295,"global_step":1003520,"train/clip_fraction":0.059326172,"train/policy_gradient_loss":-0.0054182634,"rollout/ep_rew_mean":-844.3533}