{"time/fps":62,"_timestamp":1.736869892816128e+09,"train/clip_fraction":0.015917968,"train/learning_rate":0.0003,"_step":4589,"global_step":245760,"train/approx_kl":0.0034539856,"rollout/ep_len_mean":1001,"train/loss":0.10242266,"train/policy_gradient_loss":-0.0005110149,"_runtime":3950.2667527,"train/entropy_loss":-4.2373476,"rollout/ep_rew_mean":-938.8986,"train/std":1.00132,"train/value_loss":0.95741755,"_wandb":{"runtime":3970},"train/clip_range":0.2,"train/explained_variance":0.6135488}